{
  "bayesian": {
    "train_loss": [
      194.51588729858398,
      142.25361236572266,
      107.83117584228516,
      102.05035415649414,
      103.30976860046387,
      101.39373176574708,
      101.87579208374024,
      100.92077590942382,
      98.73930969238282,
      98.1273657989502,
      98.46779968261718,
      96.879916305542,
      98.24722923278809,
      95.91022354125977,
      95.99114784240723,
      97.6465640258789,
      96.77424041748047,
      96.08883361816406,
      96.97329261779785,
      95.25601676940919,
      96.41900398254394,
      94.48841857910156,
      96.7578338623047,
      95.08699798583984,
      96.16322357177734,
      96.4779907989502,
      93.11328643798828,
      94.69604637145996,
      94.35708679199219,
      94.37900276184082,
      93.04662406921386,
      93.95918479919433,
      94.05119979858398,
      95.37400024414063,
      93.15380546569824,
      93.50662673950195,
      93.27272811889648,
      93.76580055236816,
      93.50816818237304,
      94.2258479309082,
      92.89092674255372,
      93.18194087982178,
      93.51125381469727,
      92.0897280883789,
      92.63368644714356,
      92.79175857543946,
      93.18247276306153,
      92.39955505371094,
      92.05031257629395,
      92.26364273071289
    ],
    "val_loss": [
      161.78274594820462,
      101.8930050776555,
      95.62409797081581,
      92.75931666447566,
      91.31857153085562,
      92.17479705810547,
      93.32412573007437,
      93.16493459848257,
      88.55936666635367,
      91.78209451528696,
      88.89722853440504,
      89.24179165179913,
      91.71652955275316,
      92.17489888117863,
      90.92046561607948,
      87.93416419396034,
      88.01947579017052,
      88.65633627084586,
      91.7721944955679,
      89.80429282555214,
      92.16234970092773,
      87.30840389545148,
      86.76301516019382,
      89.12370564387395,
      88.98174520639273,
      90.0788327730619,
      87.86841729971079,
      87.93268614548903,
      89.26290453397311,
      85.67592650193434,
      89.02598982590895,
      90.24842247596153,
      85.85004366361179,
      88.369506249061,
      87.32874708909254,
      89.47048832820012,
      87.03510900644156,
      89.29153354351337,
      87.02564415564903,
      87.96243638258714,
      85.44255652794472,
      87.46228496844952,
      87.73589618389423,
      84.66739067664513,
      86.26747630192683,
      88.43525255643405,
      87.3114764873798,
      86.87870377760667,
      89.02617322481595,
      87.50824209359976
    ],
    "kl_loss": [
      15910.61197265625,
      15897.68953125,
      15885.7952734375,
      15877.64662109375,
      15868.07984375,
      15858.02904296875,
      15844.8330078125,
      15832.400546875,
      15817.25072265625,
      15802.402890625,
      15786.2383984375,
      15770.4822265625,
      15753.5705859375,
      15736.06951171875,
      15716.4151171875,
      15697.7571875,
      15677.69052734375,
      15656.6327734375,
      15636.58544921875,
      15615.55548828125,
      15594.439921875,
      15572.43810546875,
      15550.5482421875,
      15528.13484375,
      15504.70251953125,
      15480.48279296875,
      15456.5737109375,
      15431.5985546875,
      15406.94701171875,
      15381.34794921875,
      15355.45546875,
      15328.61259765625,
      15301.1549609375,
      15274.569296875,
      15247.978359375,
      15219.021484375,
      15189.69708984375,
      15160.35818359375,
      15132.5203125,
      15104.955234375,
      15074.470546875,
      15042.88162109375,
      15012.5176171875,
      14981.60453125,
      14949.78767578125,
      14917.874375,
      14886.12083984375,
      14854.19201171875,
      14821.68833984375,
      14788.5101171875
    ]
  },
  "mcdropout": {
    "train_loss": [
      164.70666526794435,
      85.98063152313233,
      80.1814319229126,
      78.59171558380127,
      79.21642612457275,
      77.64723800659179,
      76.2592758178711,
      78.85534889221191,
      74.79060070037842,
      77.61367713928223,
      76.78059539794921,
      77.69008049011231,
      75.62396186828613,
      77.31431114196778,
      75.21931709289551,
      75.9005683517456,
      75.98500617980957,
      76.0403881072998,
      75.10054698944091,
      74.06935119628906,
      74.55867080688476,
      74.64645530700683,
      76.11501075744629,
      74.97113185882569,
      76.58341148376465,
      76.0806547164917,
      76.1066993713379,
      75.12811325073243,
      74.53644805908203,
      74.0882201576233
    ],
    "val_loss": [
      117.09402172382062,
      84.56644028883714,
      83.99165256206805,
      83.81417289147011,
      84.24681912935696,
      84.24738927987906,
      83.53525924682617,
      83.275145310622,
      82.97239567683293,
      82.99398422241211,
      83.62001125629132,
      83.4058453486516,
      83.40577463003305,
      83.63030154888446,
      82.9661137507512,
      83.60597874568059,
      83.9908676147461,
      83.59960409311148,
      83.48713713425856,
      83.48353547316331,
      84.07943608210637,
      84.03769096961388,
      83.81524452796349,
      83.35217050405649,
      83.20584957416241,
      84.31553884652945,
      83.42435073852539,
      83.47004200862004,
      83.10568031897911,
      83.17190991915189
    ]
  },
  "ensemble": {
    "train_loss": [],
    "val_loss": []
  }
}